Month,ALLSKY_SFC_SW_DWN,CLRSKY_SFC_SW_DWN,T2M,UV_INDEX
Jan,5.1,6.017999999999999,14.2,8.5
Feb,4.6,5.427999999999999,14.2,7.8
Mar,4.5,5.31,14.2,7.5
Apr,4.4,5.192,14.2,7.2
May,4.8,5.664,14.2,7.6
Jun,5.2,6.136,14.2,8.1
Jul,5.5,6.489999999999999,14.2,8.4
Aug,5.6,6.608,14.2,8.2
Sep,5.3,6.254,14.2,7.9
Oct,4.9,5.782,14.2,8.0
Nov,4.8,5.664,14.2,8.2
Dec,5.0,5.8999999999999995,14.2,8.6
Ann,4.98,5.8764,14.2,7.95
